--
-- PostgreSQL database dump
--

-- Dumped from database version 12.17 (Ubuntu 12.17-1.pgdg22.04+1)
-- Dumped by pg_dump version 12.17 (Ubuntu 12.17-1.pgdg22.04+1)

SET statement_timeout = 0;
SET lock_timeout = 0;
SET idle_in_transaction_session_timeout = 0;
SET client_encoding = 'UTF8';
SET standard_conforming_strings = on;
SELECT pg_catalog.set_config('search_path', '', false);
SET check_function_bodies = false;
SET xmloption = content;
SET client_min_messages = warning;
SET row_security = off;

DROP DATABASE universe;
--
-- Name: universe; Type: DATABASE; Schema: -; Owner: freecodecamp
--

CREATE DATABASE universe WITH TEMPLATE = template0 ENCODING = 'UTF8' LC_COLLATE = 'C.UTF-8' LC_CTYPE = 'C.UTF-8';


ALTER DATABASE universe OWNER TO freecodecamp;

\connect universe

SET statement_timeout = 0;
SET lock_timeout = 0;
SET idle_in_transaction_session_timeout = 0;
SET client_encoding = 'UTF8';
SET standard_conforming_strings = on;
SELECT pg_catalog.set_config('search_path', '', false);
SET check_function_bodies = false;
SET xmloption = content;
SET client_min_messages = warning;
SET row_security = off;

SET default_tablespace = '';

SET default_table_access_method = heap;

--
-- Name: galaxy; Type: TABLE; Schema: public; Owner: freecodecamp
--

CREATE TABLE public.galaxy (
    galaxy_id integer NOT NULL,
    name character varying(30) NOT NULL,
    description text,
    age_in_million_years integer,
    galaxy_type text
);


ALTER TABLE public.galaxy OWNER TO freecodecamp;

--
-- Name: galaxy_galaxy_id_seq; Type: SEQUENCE; Schema: public; Owner: freecodecamp
--

CREATE SEQUENCE public.galaxy_galaxy_id_seq
    AS integer
    START WITH 1
    INCREMENT BY 1
    NO MINVALUE
    NO MAXVALUE
    CACHE 1;


ALTER TABLE public.galaxy_galaxy_id_seq OWNER TO freecodecamp;

--
-- Name: galaxy_galaxy_id_seq; Type: SEQUENCE OWNED BY; Schema: public; Owner: freecodecamp
--

ALTER SEQUENCE public.galaxy_galaxy_id_seq OWNED BY public.galaxy.galaxy_id;


--
-- Name: galaxy_star; Type: TABLE; Schema: public; Owner: freecodecamp
--

CREATE TABLE public.galaxy_star (
    galaxy_id integer,
    galaxy_name character varying(30) NOT NULL,
    star_id integer,
    name character varying(30) NOT NULL,
    galaxy_star_id integer NOT NULL
);


ALTER TABLE public.galaxy_star OWNER TO freecodecamp;

--
-- Name: galaxy_star_galaxy_star_id_seq; Type: SEQUENCE; Schema: public; Owner: freecodecamp
--

CREATE SEQUENCE public.galaxy_star_galaxy_star_id_seq
    AS integer
    START WITH 1
    INCREMENT BY 1
    NO MINVALUE
    NO MAXVALUE
    CACHE 1;


ALTER TABLE public.galaxy_star_galaxy_star_id_seq OWNER TO freecodecamp;

--
-- Name: galaxy_star_galaxy_star_id_seq; Type: SEQUENCE OWNED BY; Schema: public; Owner: freecodecamp
--

ALTER SEQUENCE public.galaxy_star_galaxy_star_id_seq OWNED BY public.galaxy_star.galaxy_star_id;


--
-- Name: moon; Type: TABLE; Schema: public; Owner: freecodecamp
--

CREATE TABLE public.moon (
    name character varying(30) NOT NULL,
    moon_id integer NOT NULL,
    description text,
    is_spherical boolean,
    planet_id integer
);


ALTER TABLE public.moon OWNER TO freecodecamp;

--
-- Name: moon_planet_id_seq; Type: SEQUENCE; Schema: public; Owner: freecodecamp
--

CREATE SEQUENCE public.moon_planet_id_seq
    AS integer
    START WITH 1
    INCREMENT BY 1
    NO MINVALUE
    NO MAXVALUE
    CACHE 1;


ALTER TABLE public.moon_planet_id_seq OWNER TO freecodecamp;

--
-- Name: moon_planet_id_seq; Type: SEQUENCE OWNED BY; Schema: public; Owner: freecodecamp
--

ALTER SEQUENCE public.moon_planet_id_seq OWNED BY public.moon.moon_id;


--
-- Name: planet; Type: TABLE; Schema: public; Owner: freecodecamp
--

CREATE TABLE public.planet (
    name character varying(30) NOT NULL,
    planet_id integer NOT NULL,
    is_spherical boolean,
    distance_from_earth numeric(100,2),
    star_id integer
);


ALTER TABLE public.planet OWNER TO freecodecamp;

--
-- Name: planet_planet_id_seq; Type: SEQUENCE; Schema: public; Owner: freecodecamp
--

CREATE SEQUENCE public.planet_planet_id_seq
    AS integer
    START WITH 1
    INCREMENT BY 1
    NO MINVALUE
    NO MAXVALUE
    CACHE 1;


ALTER TABLE public.planet_planet_id_seq OWNER TO freecodecamp;

--
-- Name: planet_planet_id_seq; Type: SEQUENCE OWNED BY; Schema: public; Owner: freecodecamp
--

ALTER SEQUENCE public.planet_planet_id_seq OWNED BY public.planet.planet_id;


--
-- Name: star; Type: TABLE; Schema: public; Owner: freecodecamp
--

CREATE TABLE public.star (
    name character varying(30) NOT NULL,
    star_id integer NOT NULL,
    has_life boolean,
    age_in_million_years integer,
    galaxy_id integer
);


ALTER TABLE public.star OWNER TO freecodecamp;

--
-- Name: star_star_id_seq; Type: SEQUENCE; Schema: public; Owner: freecodecamp
--

CREATE SEQUENCE public.star_star_id_seq
    AS integer
    START WITH 1
    INCREMENT BY 1
    NO MINVALUE
    NO MAXVALUE
    CACHE 1;


ALTER TABLE public.star_star_id_seq OWNER TO freecodecamp;

--
-- Name: star_star_id_seq; Type: SEQUENCE OWNED BY; Schema: public; Owner: freecodecamp
--

ALTER SEQUENCE public.star_star_id_seq OWNED BY public.star.star_id;


--
-- Name: galaxy galaxy_id; Type: DEFAULT; Schema: public; Owner: freecodecamp
--

ALTER TABLE ONLY public.galaxy ALTER COLUMN galaxy_id SET DEFAULT nextval('public.galaxy_galaxy_id_seq'::regclass);


--
-- Name: galaxy_star galaxy_star_id; Type: DEFAULT; Schema: public; Owner: freecodecamp
--

ALTER TABLE ONLY public.galaxy_star ALTER COLUMN galaxy_star_id SET DEFAULT nextval('public.galaxy_star_galaxy_star_id_seq'::regclass);


--
-- Name: moon moon_id; Type: DEFAULT; Schema: public; Owner: freecodecamp
--

ALTER TABLE ONLY public.moon ALTER COLUMN moon_id SET DEFAULT nextval('public.moon_planet_id_seq'::regclass);


--
-- Name: planet planet_id; Type: DEFAULT; Schema: public; Owner: freecodecamp
--

ALTER TABLE ONLY public.planet ALTER COLUMN planet_id SET DEFAULT nextval('public.planet_planet_id_seq'::regclass);


--
-- Name: star star_id; Type: DEFAULT; Schema: public; Owner: freecodecamp
--

ALTER TABLE ONLY public.star ALTER COLUMN star_id SET DEFAULT nextval('public.star_star_id_seq'::regclass);


--
-- Data for Name: galaxy; Type: TABLE DATA; Schema: public; Owner: freecodecamp
--

INSERT INTO public.galaxy VALUES (1, 'Milky Way', NULL, NULL, 'Spiral');
INSERT INTO public.galaxy VALUES (2, 'Andromeda', NULL, NULL, NULL);
INSERT INTO public.galaxy VALUES (3, 'Triangulum', NULL, NULL, NULL);
INSERT INTO public.galaxy VALUES (4, 'Sombrero', NULL, NULL, NULL);
INSERT INTO public.galaxy VALUES (5, 'Whirpool', NULL, NULL, NULL);
INSERT INTO public.galaxy VALUES (6, 'Pinwheel', NULL, NULL, NULL);


--
-- Data for Name: galaxy_star; Type: TABLE DATA; Schema: public; Owner: freecodecamp
--

INSERT INTO public.galaxy_star VALUES (1, 'Milky Way', 1, 'Sirius', 1);
INSERT INTO public.galaxy_star VALUES (2, 'Andromeda', 2, 'Vega', 2);
INSERT INTO public.galaxy_star VALUES (1, 'Milky Way', 3, 'proxima centauri', 3);
INSERT INTO public.galaxy_star VALUES (1, 'Milky Way', 4, 'alpha centauri', 4);
INSERT INTO public.galaxy_star VALUES (3, 'Triangulum', 5, 'betelgeuse', 5);
INSERT INTO public.galaxy_star VALUES (2, 'Andromeda', 6, 'arcturus', 6);


--
-- Data for Name: moon; Type: TABLE DATA; Schema: public; Owner: freecodecamp
--

INSERT INTO public.moon VALUES ('phobos', 3, NULL, NULL, 5);
INSERT INTO public.moon VALUES ('deimos', 4, NULL, NULL, 5);
INSERT INTO public.moon VALUES ('Io', 5, NULL, NULL, 6);
INSERT INTO public.moon VALUES ('ganymede', 7, NULL, NULL, 6);
INSERT INTO public.moon VALUES ('callisto', 8, NULL, NULL, 6);
INSERT INTO public.moon VALUES ('titan', 9, NULL, NULL, 7);
INSERT INTO public.moon VALUES ('rhea', 10, NULL, NULL, 7);
INSERT INTO public.moon VALUES ('iapetus', 11, NULL, NULL, 7);
INSERT INTO public.moon VALUES ('miranda', 12, NULL, NULL, 8);
INSERT INTO public.moon VALUES ('ariel', 13, NULL, NULL, 8);
INSERT INTO public.moon VALUES ('umbriel', 14, NULL, NULL, 8);
INSERT INTO public.moon VALUES ('titania', 15, NULL, NULL, 8);
INSERT INTO public.moon VALUES ('oberon', 16, NULL, NULL, 8);
INSERT INTO public.moon VALUES ('luna', 2, NULL, true, 4);
INSERT INTO public.moon VALUES ('europa', 6, 'ching chong', NULL, 6);
INSERT INTO public.moon VALUES ('trition', 17, NULL, NULL, 9);
INSERT INTO public.moon VALUES ('nereid', 18, NULL, NULL, 9);
INSERT INTO public.moon VALUES ('charon', 19, NULL, NULL, 10);
INSERT INTO public.moon VALUES ('hydra', 20, NULL, NULL, 10);
INSERT INTO public.moon VALUES ('nix', 21, NULL, NULL, 10);


--
-- Data for Name: planet; Type: TABLE DATA; Schema: public; Owner: freecodecamp
--

INSERT INTO public.planet VALUES ('Doggo', 1, NULL, NULL, 1);
INSERT INTO public.planet VALUES ('mercury', 2, NULL, NULL, 1);
INSERT INTO public.planet VALUES ('venus', 3, NULL, NULL, 1);
INSERT INTO public.planet VALUES ('earth', 4, NULL, NULL, 1);
INSERT INTO public.planet VALUES ('mars', 5, NULL, NULL, 1);
INSERT INTO public.planet VALUES ('jupiter', 6, NULL, NULL, 1);
INSERT INTO public.planet VALUES ('saturn', 7, NULL, NULL, 1);
INSERT INTO public.planet VALUES ('uranus', 8, NULL, NULL, 1);
INSERT INTO public.planet VALUES ('neptune', 9, NULL, NULL, 1);
INSERT INTO public.planet VALUES ('pluto', 10, NULL, NULL, 1);
INSERT INTO public.planet VALUES ('wolf 359', 11, NULL, NULL, 2);
INSERT INTO public.planet VALUES ('proxima centauri', 12, NULL, NULL, 2);


--
-- Data for Name: star; Type: TABLE DATA; Schema: public; Owner: freecodecamp
--

INSERT INTO public.star VALUES ('Sirius', 1, NULL, NULL, 1);
INSERT INTO public.star VALUES ('Vega', 2, NULL, NULL, 2);
INSERT INTO public.star VALUES ('proxima centauri', 3, NULL, NULL, 1);
INSERT INTO public.star VALUES ('alpha centauri', 4, NULL, NULL, 1);
INSERT INTO public.star VALUES ('betelgeuse', 5, NULL, NULL, 3);
INSERT INTO public.star VALUES ('arcturus', 6, NULL, NULL, 2);


--
-- Name: galaxy_galaxy_id_seq; Type: SEQUENCE SET; Schema: public; Owner: freecodecamp
--

SELECT pg_catalog.setval('public.galaxy_galaxy_id_seq', 6, true);


--
-- Name: galaxy_star_galaxy_star_id_seq; Type: SEQUENCE SET; Schema: public; Owner: freecodecamp
--

SELECT pg_catalog.setval('public.galaxy_star_galaxy_star_id_seq', 6, true);


--
-- Name: moon_planet_id_seq; Type: SEQUENCE SET; Schema: public; Owner: freecodecamp
--

SELECT pg_catalog.setval('public.moon_planet_id_seq', 21, true);


--
-- Name: planet_planet_id_seq; Type: SEQUENCE SET; Schema: public; Owner: freecodecamp
--

SELECT pg_catalog.setval('public.planet_planet_id_seq', 12, true);


--
-- Name: star_star_id_seq; Type: SEQUENCE SET; Schema: public; Owner: freecodecamp
--

SELECT pg_catalog.setval('public.star_star_id_seq', 6, true);


--
-- Name: galaxy galaxy_name_key; Type: CONSTRAINT; Schema: public; Owner: freecodecamp
--

ALTER TABLE ONLY public.galaxy
    ADD CONSTRAINT galaxy_name_key UNIQUE (name);


--
-- Name: galaxy galaxy_pkey; Type: CONSTRAINT; Schema: public; Owner: freecodecamp
--

ALTER TABLE ONLY public.galaxy
    ADD CONSTRAINT galaxy_pkey PRIMARY KEY (galaxy_id);


--
-- Name: galaxy_star galaxy_star_pkey; Type: CONSTRAINT; Schema: public; Owner: freecodecamp
--

ALTER TABLE ONLY public.galaxy_star
    ADD CONSTRAINT galaxy_star_pkey PRIMARY KEY (galaxy_star_id);


--
-- Name: galaxy_star galaxy_star_star_name_key; Type: CONSTRAINT; Schema: public; Owner: freecodecamp
--

ALTER TABLE ONLY public.galaxy_star
    ADD CONSTRAINT galaxy_star_star_name_key UNIQUE (name);


--
-- Name: moon moon_name_key; Type: CONSTRAINT; Schema: public; Owner: freecodecamp
--

ALTER TABLE ONLY public.moon
    ADD CONSTRAINT moon_name_key UNIQUE (name);


--
-- Name: moon moon_pkey; Type: CONSTRAINT; Schema: public; Owner: freecodecamp
--

ALTER TABLE ONLY public.moon
    ADD CONSTRAINT moon_pkey PRIMARY KEY (moon_id);


--
-- Name: planet planet_name_key; Type: CONSTRAINT; Schema: public; Owner: freecodecamp
--

ALTER TABLE ONLY public.planet
    ADD CONSTRAINT planet_name_key UNIQUE (name);


--
-- Name: planet planet_pkey; Type: CONSTRAINT; Schema: public; Owner: freecodecamp
--

ALTER TABLE ONLY public.planet
    ADD CONSTRAINT planet_pkey PRIMARY KEY (planet_id);


--
-- Name: star star_name_key; Type: CONSTRAINT; Schema: public; Owner: freecodecamp
--

ALTER TABLE ONLY public.star
    ADD CONSTRAINT star_name_key UNIQUE (name);


--
-- Name: star star_pkey; Type: CONSTRAINT; Schema: public; Owner: freecodecamp
--

ALTER TABLE ONLY public.star
    ADD CONSTRAINT star_pkey PRIMARY KEY (star_id);


--
-- Name: moon moon_planet_id_fkey; Type: FK CONSTRAINT; Schema: public; Owner: freecodecamp
--

ALTER TABLE ONLY public.moon
    ADD CONSTRAINT moon_planet_id_fkey FOREIGN KEY (planet_id) REFERENCES public.planet(planet_id);


--
-- Name: planet planet_star_id_fkey; Type: FK CONSTRAINT; Schema: public; Owner: freecodecamp
--

ALTER TABLE ONLY public.planet
    ADD CONSTRAINT planet_star_id_fkey FOREIGN KEY (star_id) REFERENCES public.star(star_id);


--
-- Name: star star_galaxy_id_fkey; Type: FK CONSTRAINT; Schema: public; Owner: freecodecamp
--

ALTER TABLE ONLY public.star
    ADD CONSTRAINT star_galaxy_id_fkey FOREIGN KEY (galaxy_id) REFERENCES public.galaxy(galaxy_id);


--
-- PostgreSQL database dump complete
--

